suite,variant,rep,ratio,policy,policy_name,written_gib,bw_mib,iops,avg_us,p99_us,slc_migration_cnt,slc_migrate_pages,slc_pages_per_gib,tlc_gc_cnt,tlc_gc_pages,tlc_gc_pages_per_gib,erase_sum,erase_per_gib,erase_max,erase_cv_all,run_dir
policy_repeat,hotcold,1,10,0,Greedy,107.48283386230469,1145.8740234375,293343.952692,156.50465260299998,1548.288,70885.0,18132360.0,168700.05514768252,18391.0,252148.0,2345.93740171593,357104.0,3322.428216374373,38.0,2.4184,results/20260828_153619_slcpolicy0_greedy_ext_hotcold_policy0_greedy_rep1
policy_repeat,hotcold,2,10,0,Greedy,110.40741729736328,1173.23046875,300347.038313,152.522039735,1482.752,72884.0,18098408.0,163923.84174022538,18318.0,257946.0,2336.310424735931,364808.0,3304.1982950969023,39.0,2.4426,results/20260828_155019_slcpolicy0_greedy_ext_hotcold_policy0_greedy_rep2
policy_repeat,hotcold,3,10,0,Greedy,114.9639778137207,1174.435546875,300655.609649,148.523555522,1236.992,75762.0,18918549.0,164560.66813079698,20021.0,92428.0,803.9735729200639,383132.0,3332.626508633855,38.0,2.39,results/20260828_160418_slcpolicy0_greedy_ext_hotcold_policy0_greedy_rep3
policy_repeat,hotcold,1,10,1,Random,102.78659439086914,1071.9580078125,274421.405874,164.93300091100002,1646.592,67286.0,17882017.0,173972.2685236521,17640.0,214273.0,2084.6395511965184,339704.0,3304.944599177974,35.0,2.378,results/20260828_153949_slcpolicy1_random_ext_hotcold_policy1_random_rep1
policy_repeat,hotcold,2,10,1,Random,102.72626876831055,1077.529296875,275847.648607,164.69698128800002,1646.592,67246.0,17876661.0,174022.29453421626,17619.0,212190.0,2065.5865587659437,339460.0,3304.5101712554183,38.0,2.3742,results/20260828_155351_slcpolicy1_random_ext_hotcold_policy1_random_rep2
policy_repeat,hotcold,3,10,1,Random,103.54368209838867,1066.67578125,273069.234716,164.446618575,1662.976,68210.0,17802917.0,171936.29431763318,17793.0,352830.0,3407.5473544077363,344012.0,3322.3852293867135,39.0,2.3747,results/20260828_160752_slcpolicy1_random_ext_hotcold_policy1_random_rep3
policy_repeat,hotcold,1,10,2,FIFO,120.68438720703125,1307.0556640625,334606.26765,138.59261619999998,1122.304,79512.0,16394477.0,135845.88180305093,13218.0,4123.0,34.163491197308645,370920.0,3073.47129636326,26.0,2.5312,results/20260828_154322_slcpolicy2_fifo_ext_hotcold_policy2_fifo_rep1
policy_repeat,hotcold,2,10,2,FIFO,118.59001159667969,1301.6640625,333226.072696,140.405592915,1236.992,78053.0,16557854.0,139622.669540776,13643.0,3779.0,31.866090146379623,366784.0,3092.8743075548305,25.0,2.5106,results/20260828_155723_slcpolicy2_fifo_ext_hotcold_policy2_fifo_rep2
policy_repeat,hotcold,3,10,2,FIFO,117.76180648803711,1316.607421875,337051.544928,140.50642205399998,1236.992,77476.0,16009540.0,135948.4919384821,12250.0,16998.0,144.342215077405,358904.0,3047.711398996409,25.0,2.5516,results/20260828_161126_slcpolicy2_fifo_ext_hotcold_policy2_fifo_rep3
policy_repeat,hotcold,1,10,3,Cost-Benefit,111.7485237121582,1210.904296875,309991.587302,149.675320009,1384.448,73794.0,17409672.0,155793.306449791,16132.0,107461.0,961.6323905700804,359704.0,3218.8702637944943,32.0,2.4544,results/20260828_154651_slcpolicy3_costbenefit_ext_hotcold_policy3_costbenefit_rep1
policy_repeat,hotcold,2,10,3,Cost-Benefit,111.32976150512695,1218.7470703125,311999.454779,149.705001565,1286.144,73508.0,16958011.0,152322.3509215822,15040.0,139817.0,1255.881608922347,354192.0,3181.467338216554,31.0,2.4863,results/20260828_160051_slcpolicy3_costbenefit_ext_hotcold_policy3_costbenefit_rep2
policy_repeat,hotcold,3,10,3,Cost-Benefit,115.42205429077148,1243.9833984375,318459.957268,145.170802694,1368.064,75890.0,17351788.0,150333.38391541134,15843.0,54863.0,475.3251043495467,366932.0,3179.045826680784,33.0,2.4818,results/20260828_161452_slcpolicy3_costbenefit_ext_hotcold_policy3_costbenefit_rep3
policy_repeat,zipf,1,10,0,Greedy,154.0,1427.5517578125,365453.406478,43.453073138,80.384,102955.0,3363062.0,21838.064935064936,0.0,0.0,0.0,411820.0,2674.155844155844,147.0,4.9802,results/20260828_153427_slcpolicy0_greedy_ext_zipf_policy0_greedy_rep1
policy_repeat,zipf,2,10,0,Greedy,154.0,1424.740234375,364733.620035,43.540009854999994,79.36,102961.0,3337117.0,21669.590909090908,0.0,0.0,0.0,411844.0,2674.311688311688,141.0,4.8667,results/20260828_154827_slcpolicy0_greedy_ext_zipf_policy0_greedy_rep2
policy_repeat,zipf,3,10,0,Greedy,154.0,1426.7900390625,365258.321647,43.494734106,80.384,102955.0,3375024.0,21915.74025974026,0.0,0.0,0.0,411820.0,2674.155844155844,145.0,5.0186,results/20260828_160226_slcpolicy0_greedy_ext_zipf_policy0_greedy_rep3
policy_repeat,zipf,1,10,1,Random,154.0,1418.6650390625,363178.322748,43.746375214,80.384,102954.0,3509527.0,22789.136363636364,0.0,0.0,0.0,411816.0,2674.12987012987,70.0,3.1663,results/20260828_153757_slcpolicy1_random_ext_zipf_policy1_random_rep1
policy_repeat,zipf,2,10,1,Random,154.0,1412.84375,361688.073394,43.90090076,80.384,102955.0,3503722.0,22751.44155844156,0.0,0.0,0.0,411820.0,2674.155844155844,65.0,3.1676,results/20260828_155158_slcpolicy1_random_ext_zipf_policy1_random_rep2
policy_repeat,zipf,3,10,1,Random,154.0,1426.931640625,365294.677597,43.500313854,81.408,102960.0,3506459.0,22769.214285714286,0.0,0.0,0.0,411840.0,2674.285714285714,68.0,3.167,results/20260828_160600_slcpolicy1_random_ext_zipf_policy1_random_rep3
policy_repeat,zipf,1,10,2,FIFO,154.0,1413.919921875,361963.72309,43.897224713,80.384,102955.0,2980750.0,19355.51948051948,0.0,0.0,0.0,411820.0,2674.155844155844,46.0,3.1165,results/20260828_154129_slcpolicy2_fifo_ext_zipf_policy2_fifo_rep1
policy_repeat,zipf,2,10,2,FIFO,154.0,1411.30078125,361293.167946,43.971597582,81.408,102958.0,2981248.0,19358.753246753247,0.0,0.0,0.0,411832.0,2674.2337662337663,46.0,3.1165,results/20260828_155530_slcpolicy2_fifo_ext_zipf_policy2_fifo_rep2
policy_repeat,zipf,3,10,2,FIFO,154.0,1410.64453125,361125.10958,43.971832498000005,80.384,102957.0,2980647.0,19354.85064935065,0.0,0.0,0.0,411828.0,2674.2077922077924,46.0,3.1165,results/20260828_160933_slcpolicy2_fifo_ext_zipf_policy2_fifo_rep3
policy_repeat,zipf,1,10,3,Cost-Benefit,154.0,1421.00390625,363777.211084,43.650417737000005,79.36,102958.0,2856873.0,18551.123376623378,0.0,0.0,0.0,411832.0,2674.2337662337663,56.0,3.2154,results/20260828_154459_slcpolicy3_costbenefit_ext_zipf_policy3_costbenefit_rep1
policy_repeat,zipf,2,10,3,Cost-Benefit,154.0,1422.568359375,364177.568492,43.601251547,80.384,102956.0,2854082.0,18533.0,0.0,0.0,0.0,411824.0,2674.181818181818,56.0,3.2128,results/20260828_155858_slcpolicy3_costbenefit_ext_zipf_policy3_costbenefit_rep2
policy_repeat,zipf,3,10,3,Cost-Benefit,154.0,1425.693359375,364977.633125,43.527101351999995,79.36,102961.0,2854367.0,18534.85064935065,0.0,0.0,0.0,411844.0,2674.311688311688,56.0,3.2116,results/20260828_161300_slcpolicy3_costbenefit_ext_zipf_policy3_costbenefit_rep3
ratio_sweep,burst,1,0,0,Greedy,1.0,787.0859375,201494.235204,79.099670551,158.72,0.0,0.0,0.0,0.0,0.0,0.0,0.0,0.0,0.0,0.0,results/20260828_144933_slcpolicy0_greedy_ext_ratio_r0_burst_rep1
ratio_sweep,burst,2,0,0,Greedy,1.0,848.3837890625,217186.412593,73.39731219900001,136.192,0.0,0.0,0.0,0.0,0.0,0.0,0.0,0.0,0.0,0.0,results/20260828_145209_slcpolicy0_greedy_ext_ratio_r0_burst_rep2
ratio_sweep,burst,3,0,0,Greedy,1.0,800.625,204960.125098,77.77494485099999,136.192,0.0,0.0,0.0,0.0,0.0,0.0,0.0,0.0,0.0,0.0,results/20260828_145441_slcpolicy0_greedy_ext_ratio_r0_burst_rep3
ratio_sweep,burst,1,5,0,Greedy,1.0,773.4130859375,197993.957704,80.54586392600001,261.12,0.0,0.0,0.0,0.0,0.0,0.0,0.0,0.0,0.0,0.0,results/20260828_145713_slcpolicy0_greedy_ext_ratio_r5_burst_rep1
ratio_sweep,burst,2,5,0,Greedy,1.0,823.150390625,210726.688103,75.673126865,136.192,0.0,0.0,0.0,0.0,0.0,0.0,0.0,0.0,0.0,0.0,results/20260828_150029_slcpolicy0_greedy_ext_ratio_r5_burst_rep2
ratio_sweep,burst,3,5,0,Greedy,1.0,810.767578125,207556.611243,76.812021496,142.336,0.0,0.0,0.0,0.0,0.0,0.0,0.0,0.0,0.0,0.0,results/20260828_150345_slcpolicy0_greedy_ext_ratio_r5_burst_rep3
ratio_sweep,burst,1,10,0,Greedy,1.0,841.4130859375,215401.807724,74.035094219,132.096,0.0,0.0,0.0,0.0,0.0,0.0,0.0,0.0,0.0,0.0,results/20260828_150700_slcpolicy0_greedy_ext_ratio_r10_burst_rep1
ratio_sweep,burst,2,10,0,Greedy,1.0,799.375,204640.124902,77.92084447500001,236.544,0.0,0.0,0.0,0.0,0.0,0.0,0.0,0.0,0.0,0.0,results/20260828_151007_slcpolicy0_greedy_ext_ratio_r10_burst_rep2
ratio_sweep,burst,3,10,0,Greedy,1.0,844.1875,216112.118714,73.79081092800001,134.144,0.0,0.0,0.0,0.0,0.0,0.0,0.0,0.0,0.0,0.0,results/20260828_151313_slcpolicy0_greedy_ext_ratio_r10_burst_rep3
ratio_sweep,burst,1,20,0,Greedy,1.0,816.5869140625,209046.251994,76.284112717,138.24,0.0,0.0,0.0,0.0,0.0,0.0,0.0,0.0,0.0,0.0,results/20260828_151620_slcpolicy0_greedy_ext_ratio_r20_burst_rep1
ratio_sweep,burst,2,20,0,Greedy,1.0,779.2998046875,199500.761035,79.91678467199999,238.592,0.0,0.0,0.0,0.0,0.0,0.0,0.0,0.0,0.0,0.0,results/20260828_151912_slcpolicy0_greedy_ext_ratio_r20_burst_rep2
ratio_sweep,burst,3,20,0,Greedy,1.0,796.88671875,204003.11284,78.159370914,148.48,0.0,0.0,0.0,0.0,0.0,0.0,0.0,0.0,0.0,0.0,results/20260828_152205_slcpolicy0_greedy_ext_ratio_r20_burst_rep3
ratio_sweep,sustained,1,0,0,Greedy,154.0,1072.42578125,274541.136787,58.034599023000006,127.488,0.0,0.0,0.0,73332.0,0.0,0.0,293328.0,1904.7272727272727,5.0,1.0149,results/20260828_144940_slcpolicy0_greedy_ext_ratio_r0_sustained_rep1
ratio_sweep,sustained,2,0,0,Greedy,154.0,1070.1767578125,273965.430423,58.159588154,126.464,0.0,0.0,0.0,73332.0,0.0,0.0,293328.0,1904.7272727272727,5.0,1.014,results/20260828_145212_slcpolicy0_greedy_ext_ratio_r0_sustained_rep2
ratio_sweep,sustained,3,0,0,Greedy,154.0,1069.7998046875,273868.785064,58.172759332,126.464,0.0,0.0,0.0,73332.0,0.0,0.0,293328.0,1904.7272727272727,5.0,1.0088,results/20260828_145444_slcpolicy0_greedy_ext_ratio_r0_sustained_rep3
ratio_sweep,sustained,1,5,0,Greedy,154.0,822.3349609375,210517.902026,75.763857008,536.576,104500.0,36362918.0,236122.84415584416,63569.0,0.0,0.0,672276.0,4365.428571428572,75.0,2.807,results/20260828_145716_slcpolicy0_greedy_ext_ratio_r5_sustained_rep1
ratio_sweep,sustained,2,5,0,Greedy,154.0,824.0234375,210950.217638,75.616397157,536.576,104500.0,36359488.0,236100.57142857142,63560.0,0.0,0.0,672240.0,4365.194805194805,76.0,2.8065,results/20260828_150032_slcpolicy0_greedy_ext_ratio_r5_sustained_rep2
ratio_sweep,sustained,3,5,0,Greedy,154.0,826.2646484375,211523.866411,75.407550103,544.768,104497.0,36361517.0,236113.74675324676,63565.0,0.0,0.0,672248.0,4365.2467532467535,77.0,2.8057,results/20260828_150348_slcpolicy0_greedy_ext_ratio_r5_sustained_rep3
ratio_sweep,sustained,1,10,0,Greedy,154.0,864.8974609375,221413.905632,72.02827067899999,358.4,102852.0,32139459.0,208697.7857142857,54210.0,0.0,0.0,628248.0,4079.5324675324673,36.0,1.9641,results/20260828_150703_slcpolicy0_greedy_ext_ratio_r10_sustained_rep1
ratio_sweep,sustained,2,10,0,Greedy,154.0,868.2451171875,222270.90835,71.746378582,350.208,102838.0,32098368.0,208430.96103896105,54104.0,0.0,0.0,627768.0,4076.4155844155844,36.0,1.9607,results/20260828_151010_slcpolicy0_greedy_ext_ratio_r10_sustained_rep2
ratio_sweep,sustained,3,10,0,Greedy,154.0,865.7333984375,221627.840332,71.957292186,354.304,102852.0,32141097.0,208708.4220779221,54215.0,0.0,0.0,628268.0,4079.6623376623374,36.0,1.9649,results/20260828_151316_slcpolicy0_greedy_ext_ratio_r10_sustained_rep3
ratio_sweep,sustained,1,20,0,Greedy,154.0,936.7314453125,239803.358539,66.480368047,193.536,99544.0,25059527.0,162724.2012987013,39049.0,0.0,0.0,554372.0,3599.818181818182,17.0,1.4284,results/20260828_151623_slcpolicy0_greedy_ext_ratio_r20_sustained_rep1
ratio_sweep,sustained,2,20,0,Greedy,154.0,938.07421875,240147.145254,66.38396680700001,193.536,99553.0,25056896.0,162707.1168831169,39042.0,0.0,0.0,554380.0,3599.87012987013,17.0,1.4284,results/20260828_151915_slcpolicy0_greedy_ext_ratio_r20_sustained_rep2
ratio_sweep,sustained,3,20,0,Greedy,154.0,936.6201171875,239774.872748,66.488903454,195.584,99556.0,25045016.0,162629.97402597402,39011.0,0.0,0.0,554268.0,3599.1428571428573,17.0,1.4271,results/20260828_152208_slcpolicy0_greedy_ext_ratio_r20_sustained_rep3
workload_sensitivity,uniform,1,10,0,Greedy,154.0,865.486328125,221564.589336,71.97652761600001,350.208,102852.0,32086387.0,208353.16233766233,54072.0,0.0,0.0,627696.0,4075.948051948052,35.0,1.9614,results/20260828_161656_slcpolicy0_greedy_ext_uniform_policy0_greedy_rep1
workload_sensitivity,uniform,2,10,0,Greedy,154.0,867.2041015625,222004.443369,71.83692543400001,354.304,102848.0,32100572.0,208445.27272727274,54110.0,0.0,0.0,627832.0,4076.8311688311687,35.0,1.9619,results/20260828_162913_slcpolicy0_greedy_ext_uniform_policy0_greedy_rep2
workload_sensitivity,uniform,3,10,0,Greedy,154.0,867.4814453125,222075.275324,71.809064669,350.208,102845.0,32105012.0,208474.1038961039,54121.0,0.0,0.0,627864.0,4077.038961038961,36.0,1.9625,results/20260828_164128_slcpolicy0_greedy_ext_uniform_policy0_greedy_rep3
workload_sensitivity,uniform,1,10,1,Random,154.0,856.716796875,219319.693595,72.718025397,374.784,102856.0,32368388.0,210184.33766233767,54805.0,0.0,0.0,630644.0,4095.090909090909,51.0,1.9177,results/20260828_162000_slcpolicy1_random_ext_uniform_policy1_random_rep1
workload_sensitivity,uniform,2,10,1,Random,154.0,857.35546875,219483.050894,72.662325173,374.784,102857.0,32364418.0,210158.55844155845,54795.0,0.0,0.0,630608.0,4094.8571428571427,49.0,1.9184,results/20260828_163216_slcpolicy1_random_ext_uniform_policy1_random_rep2
workload_sensitivity,uniform,3,10,1,Random,154.0,857.0986328125,219417.440268,72.68519987500001,370.688,102856.0,32364845.0,210161.33116883118,54797.0,0.0,0.0,630612.0,4094.883116883117,49.0,1.918,results/20260828_164432_slcpolicy1_random_ext_uniform_policy1_random_rep3
workload_sensitivity,uniform,1,10,2,FIFO,154.0,870.1953125,222770.106887,71.584011307,346.112,102848.0,31861048.0,206889.9220779221,53486.0,0.0,0.0,625336.0,4060.6233766233768,32.0,1.9231,results/20260828_162306_slcpolicy2_fifo_ext_uniform_policy2_fifo_rep1
workload_sensitivity,uniform,2,10,2,FIFO,154.0,870.166015625,222762.731411,71.59195163300001,350.208,102849.0,31861301.0,206891.56493506493,53487.0,0.0,0.0,625344.0,4060.6753246753246,32.0,1.9232,results/20260828_163522_slcpolicy2_fifo_ext_uniform_policy2_fifo_rep2
workload_sensitivity,uniform,3,10,2,FIFO,154.0,868.4560546875,222324.767873,71.72830166300001,350.208,102853.0,31867823.0,206933.91558441558,53503.0,0.0,0.0,625424.0,4061.194805194805,32.0,1.923,results/20260828_164738_slcpolicy2_fifo_ext_uniform_policy2_fifo_rep3
workload_sensitivity,uniform,1,10,3,Cost-Benefit,154.0,865.3720703125,221535.408744,71.985483799,358.4,102852.0,32097754.0,208426.97402597402,54102.0,0.0,0.0,627816.0,4076.7272727272725,34.0,1.9598,results/20260828_162609_slcpolicy3_costbenefit_ext_uniform_policy3_costbenefit_rep1
workload_sensitivity,uniform,2,10,3,Cost-Benefit,154.0,865.9951171875,221694.779734,71.937052814,358.4,102851.0,32103379.0,208463.5,54116.0,0.0,0.0,627868.0,4077.064935064935,34.0,1.9598,results/20260828_163824_slcpolicy3_costbenefit_ext_uniform_policy3_costbenefit_rep2
workload_sensitivity,uniform,3,10,3,Cost-Benefit,154.0,866.0087890625,221698.432137,71.9311326,358.4,102853.0,32104605.0,208471.46103896105,54119.0,0.0,0.0,627888.0,4077.194805194805,35.0,1.9605,results/20260828_165041_slcpolicy3_costbenefit_ext_uniform_policy3_costbenefit_rep3
